Form_Conversion,csouce
6245,google
3261,email
1658,google_display_network
1540,bing
1216,facebook
792,www.google.com
302,criteo
143,notification
95,Realtor_com
64,magnifymoney
59,stringo_middle
56,aol
19,cnn_com
18,simpletuitionturndown
18,weather
18,r.search.yahoo.com
12,nasdaq
11,l.facebook.com
11,taboola
10,market_realist
9,internet_brands
9,smartasset
9,MSN
9,m.facebook.com
7,applenews
6,outbrain
6,newsmax
5,comparecards
5,Transunion
5,lm.facebook.com
4,stringo_primary
4,undefined
3,Tronc
3,mail.google.com
3,cnbc
3,weatherunderground
3,consumers-advocate
2,duckduckgo.com
2,money.cnn.com
2,Consumer+Affairs
2,creditwise.com
2,cnn-money
2,l.instagram.com
1,cli.linksynergy.com
1,snapcap.com
1,npr
1,nafdigital_com
1,mail.yahoo.com
1,mylpromo
1,ESPN
1,g.tracfone.com
1,dental.tufts.edu
1,Invite_Media
1,NADA_Guides
1,fsbow
1,equifax
1,Yahoo
1,m.huffpost.com
0,tracking.lifestylejournal.com
0,royalunitedmortgage.com
0,www.google.co.in
0,linkedin
0,staysafe.mcafeemobilesecurity.com
0,listingbook
0,Weather_com
0,creditsesame
0,connect.xfinity.com
0,loans
0,go.carvana.com
0,loansorg
0,StringoPrimary
0,localhost
0,Cordless_Media
0,lookup.t-mobile.com
0,webmaila.juno.com
0,LT
0,Publisher_s_Clearing_House_Mobile
0,LTTrigger
0,gdn
0,cc
0,Seeking_Alpha
0,cellone.ntent.com
0,Consumer Affairs
0,DBM
0,c.findquickanswers.com
0,application.rategenius.com
0,tapsense
0,mail.aol.com
0,carsoup
0,Dow_Jones
0,vcscttc.vcsc.k12.in.us
0,bankrate_com
0,webmail.earthlink.net
0,edcgoldmentors.com
0,weichert
0,membership.trueidentity.com
0,xfinity
0,mg.mail.yahoo.com
0,QUERY_PARAM(csource)
0,millennial
0,Realtor
0,cnn
0,red
0,en.m.wikipedia.org
0,Salon_com
0,myactivity.google.com
0,GDN_MobileApp_PhoneInterstitial_320x480_011014_6130816_MPID
0,myemail.cox.net
0,snapcap
0,ben
0,StartApp
0,mysite.totalwireless.com
0,Stringo_Media
0,aol-finance
0,graphiq
0,com.slack
0,greystripe
0,finance.yahoo.com
0,The_Independent
0,fluent
0,instagram.com
0,Fox_News
0,twitter
0,FSBO
0,US_News
0,blackenterprise
0,create.skyword.com
0,outlook.live.com
0,creditcards.lendingtree.com
0,"Oxford+Road+Auto+Refi,Internet_Brands"
0,webmail.roadrunner.com
0,partnerads.ysm.yahoo.com
0,webmailb.netzero.net
0,path.shareyourfreebies.com
0,wisersaver
0,pl
0,lending.harpquiz.com
0,plus.url.google.com
0,lendingtreepartners.com
0,PMG
0,m.mg.mail.yahoo.com
